{
  "trained_at": "2025-11-09T16:05:46.729474",
  "n_samples": 500,
  "version": "1.0.0",
  "metrics": {
    "classifier": {
      "auc": 0.7393048128342248,
      "accuracy": 0.7
    },
    "regressor": {
      "rmse": 2.1803176524333234,
      "mae": 1.8052225041288708
    },
    "n_train": 400,
    "n_test": 100
  }
}