{
  "optimization_date": "2025-11-25T05:12:23.028760",
  "n_calls": 50,
  "search_space": {
    "vwap": [
      1.0499999999999998,
      1.9500000000000002
    ],
    "volume": [
      0.7,
      1.3
    ],
    "obv": [
      0.25,
      0.75
    ],
    "inst": [
      0.25,
      0.75
    ],
    "news": [
      0.7,
      1.3
    ]
  },
  "grid_baseline": {
    "weights": [
      1.5,
      1.0,
      0.5,
      0.5,
      1.0
    ],
    "score": 16.7165143011665,
    "win_rate": 38.46153846153847,
    "avg_return": 0.3692307692307693,
    "sharpe_ratio": 0.14947107257253864
  },
  "bayesian_optimal": {
    "weights": [
      1.6622767847290019,
      0.9702995511817258,
      0.25663248057993326,
      0.7211008778424265,
      1.0379729307073235
    ],
    "trades": 25,
    "win_rate": 40.0,
    "avg_return": 0.552,
    "total_return": 13.799999999999999,
    "sharpe_ratio": 0.23585229937167343,
    "score": 18.00977844905751
  },
  "improvement": {
    "win_rate": 3.9999999999999853,
    "avg_return": 49.499999999999986,
    "sharpe_ratio": 57.79126710769658,
    "score": 7.7364462745727005
  }
}